Gadget;;;;;;;;;;
;;;;;;;;;;
Afbeelding;Eigenaar;Naam;Punten;Column2;Column3;Column4;Column5;Column6;Column7;Column8
gadget_1.jpg;martijn;TomTom;;;;;;;;
gadget_2.jpg;tommy;helicopter op batterijen;;met afstandsbediening;;;;;;
gadget_3.jpg;peter;;;;;;;;;
gadget_4.jpg;karel;;;;;;;;;
gadget_5.jpg;freek;;;;;;;;;
gadget_6.jpg;johan;;;;;;;;;
gadget_7.jpg;diego;;;;;;;;;
gadget_8.jpg;bart;;;;;;;;;
gadget_9.jpg;linda;;;;;;;;;
gadget_10.jpg;sanne;;;;;;;;;
gadget_11.jpg;petra;;;;;;;;;
gadget_12.jpg;vera;;;;;;;;;
gadget_13.jpg;kirsten;;;;;;;;;
gadget_14.jpg;lana;;;;;;;;;
gadget_15.jpg;estjer;;;;;;;;;
gadget_16.jpg;fiona;;;;;;;;;
gadget_17.jpg;;;;;;;;;;
gadget_18.jpg;;;;;;;;;;
gadget_19.jpg;;;;;;;;;;
gadget_20.jpg;;;;;;;;;;
gadget_21.jpg;;;;;;;;;;
gadget_22.jpg;;;;;;;;;;
gadget_23.jpg;;;;;;;;;;
gadget_24.jpg;;;;;;;;;;
gadget_25.jpg;;;;;;;;;;
gadget_26.jpg;;;;;;;;;;
gadget_27.jpg;;;;;;;;;;
gadget_28.jpg;;;;;;;;;;
gadget_29.jpg;;;;;;;;;;
gadget_30.jpg;;;;;;;;;;
gadget_31.jpg;;;;;;;;;;
gadget_32.jpg;;;;;;;;;;
gadget_33.jpg;;;;;;;;;;
gadget_34.jpg;;;;;;;;;;
gadget_35.jpg;;;;;;;;;;
gadget_36.jpg;;;;;;;;;;
gadget_37.jpg;;;;;;;;;;
gadget_38.jpg;;;;;;;;;;
gadget_39.jpg;;;;;;;;;;
gadget_40.jpg;;;;;;;;;;
gadget_41.jpg;;;;;;;;;;
gadget_42.jpg;;;;;;;;;;
gadget_43.jpg;;;;;;;;;;
gadget_44.jpg;;;;;;;;;;
gadget_45.jpg;;;;;;;;;;
gadget_46.jpg;;;;;;;;;;
gadget_47.jpg;;;;;;;;;;
gadget_48.jpg;;;;;;;;;;
gadget_49.jpg;;;;;;;;;;
gadget_50.jpg;;;;;;;;;;